/продукт/футболка-для-беременных-и-кормящих-мам-вероника-бордо/,/продукт/футболка-для-беременных-и-кормящих-мам-i-love-mum-вероника-бордо/
/продукт/бюстгальтер-комфортный-сон-для-беременных-anita-арт-5197-малиновый-569/,/продукт/бюстгальтер-комфортный-сон-для-беременных-anita-арт-5197-малиновый-569
/продукт/комплект-белья-goforkids-большая-сахара-пододеяльник-145220-наволочка-5070простыня/,/продукт/комплект-белья-goforkid-большая-сахара-пододеяльник-145220-наволочка-5070простыня
/продукт/бюстгальтер-для-кормления-из-хлопкового-трикотажа-556-черный/,/продукт/бюстгальтер-для-кормления-из-хлопкового-трикотажа-мамин-дом-556-черный
/продукт/люлька-britax-britax-affinity/,/продукт/люлька-britax-affinity
/продукт/акционный-плед-goforkids-индия-lc/,/продукт/акционный-пледgoforkid-индия-lc
/продукт/спальный-мешок-пингвинята/,/продукт/спальный-мешок-bebepan-пингвинята
/продукт/трусы-alles-arrivederci/,/продукт/трусы-alles-arrivederci-slim
/продукт/комплект-постельного-белья-для-кроватки-венеция-три-друга-из-3-4-6-7-элементов/,/продукт/комплект-постельного-белья-для-кроватки-perina-венеция-три-друга-из-3-4-6-7-элементов
/продукт/трусы-alles-adelle/,/продукт/трусы-alles-adelle
/продукт/зимний-конверт-ultra-наполнитель-силикон-голубой/,/продукт/зимний-конверт-goforkid-ultra-наполнитель-силикон-голубой
/продукт/человечек-коляска/,/продукт/человечек-lafel-коляска
/продукт/непромокаемая-пеленка-magbaby-морская-70х80-см/,/продукт/непромокаемая-пеленка-magbaby-морская-70х80-см/
/продукт/набор-для-игры-с-песком-и-водой-ведерко-с-лопаткой-лаймовое/,/продукт/набор-для-игры-с-песком-и-водой-battat-ведерко-с-лопаткой-лаймовое
/продукт/защитные-бортики-для-кровати-майло-6-секций-хлопок/,/продукт/защитные-бортики-для-кровати-goforkid-майло-6-секций-хлопок
/продукт/-motion-4-plus-cosmos-black/,/продукт/коляска-britax-b-motion-4-plus-cosmos-black
/продукт/ползунки-для-девочек-медвежонок-2-шт/,/продукт/ползунки-для-девочек-bebepan-медвежонок-2-шт
/продукт/муслиновые-салфетки-sky-dream-boy-3030-5-шт-в-упаковке/,/продукт/муслиновые-салфетки-momeasy-sky-dream-boy-3030-5-шт-в-упаковке
/продукт/конверт-демисезонный-goforkids-большая-сахара-фланель/,/продукт/конверт-демисезонный-goforkid-большая-сахара-фланель
/продукт/комплект-белья-бьюти-белый-для-беременных-и-кормящих-мам/,/продукт/комплект-белья-i-love-mum-бьюти-белый-для-беременных-и-кормящих-мам
/продукт/зимний-конверт-для-младенцев-goforkid-хлопок/,/продукт/зимний-конверт-для-младенцев-goforkid-хлопок
/продукт/джеггенсы-yasan-розовые/,/продукт/джегенсы-yasan-розовые
/продукт/песок-для-детского-творчества-kinetic-sand-build-белый-с-голубым/,/продукт/песок-для-детского-творчества-wacky-tivities-kinetic-sand-build-белый-с-голубым
/продукт/слюнявчик-комфортер-для-самых-маленьких-magbaby-dogg/,/продукт/слюнявчиккомфортер-для-самых-маленьких-magbaby-dogg
/продукт/органическое-детское-мыло-пена-календула-концентрат-1-л/,/продукт/органическое-детское-мыло-пена-календула-концентрат-sonett-1-л
/продукт/защитные-бортики-для-кровати-3-секции-хлопок/,/продукт/защитные-бортики-для-кровати-goforkid-3-секции-хлопок
/продукт/универсальный-прогулочный-блок-без-шасси-cybex-priam-lux-seat-princess-pink-purple/,/продукт/универсальный-прогулочный-блок-без-шасси-cybex-priam-lux-seatprincess-pink-purple
/продукт/универсальный-прогулочный-блок-без-шасси-cybex-priam-lux-seat-mars-red-red/,/продукт/универсальный-прогулочный-блок-без-шасси-cybex-priam-lux-seatmars-red-red
/продукт/кухонный-комбайн-chicco-baby-pappa-4в1/,/продукт/кухонный-комбайн-chicco-baby-pappa-4в1/
/продукт/конверт-осень-зима-с-черными-звездочками/,/продукт/конверт-осень-зима-jolly-mummy-с-черными-звездочками
/продукт/пальчиковые-краски-маленький-художник/,/продукт/пальчиковые-краски-sesмаленький-художник
/продукт/бюстгальтер-mama-iic-белый/,/продукт/бюстгальтер-alles-mama-iicбелый
/продукт/рубашка-с-длинным-рукавом-серая-синяя-полоска-shirt/,/продукт/рубашка-с-длинным-рукавом-bebepan-серая-синяя-полоска-shirt
/продукт/зимний-детский-комбинезон-deux-par-deux-жираф/,/продукт/зимний-детский-комбинезон-deux-par-deux-b-602-жирафик
/продукт/трусы-mama-cubana-белые/,/продукт/трусы-alles-mama-cubanaбелые
/продукт/бандаж-дородовой-babybelt-тм-anita-1708-белый-006/,/продукт/бандаж-дородовой-babybelt-anita-1708-белый-006
/продукт/сарафан-марго-черный-с-белым-принтом-для-беременных-и-кормящих-мам/,/продукт/сарафан-i-love-mum-марго-черный-с-белым-принтом-для-беременных-и-кормящих-мам
/продукт/бодик-летний-без-рукавов-красный/,/продукт/бодик-bebepan-летний-без-рукавов-красный
/продукт/костюм-домашний-пилатес-25404/,/продукт/костюм-домашний-мамин-дом-пилатес-25404
/продукт/скутер-детский-лицензионный-peppa-3-х-колесный/,/продукт/скутер-детский-лицензионный-taf-toyspeppa-3-х-колесный
/продукт/универсальный-прогулочный-блок-cybex-priam-lux-seat-princess-pink-purple/,/продукт/универсальный-прогулочный-блок-без-шасси-cybex-priam-lux-seatprincess-pink-purple
/продукт/натуральное-средство-от-коликов-и-вздутия-животика-у-детейcolic-oil/,/продукт/натуральное-средство-baby-teva-от-коликов-и-вздутия-животика-у-детейcolic-oil
/продукт/трусики-для-беременных-seamless-1497-760/,/продукт/трусики-для-беременных-seamlessanitа-1497-цвет-розовая-вода-760
/продукт/муслиновая-пеленка-sky-dream-boy-flow-120120-1-шт-в-упаковке/,/продукт/муслиновая-пеленка-momeasy-sky-dream-boy-flow-120120-1-шт-в-упаковке
/продукт/трикотажное-одеяло-для-мальчика-в-полоску-важный-тукан/,/продукт/трикотажное-одеяло-bebepan-для-мальчика-в-полоску-важный-тукан
/продукт/спортивные-брюки-для-беременных-happy/,/продукт/спортивные-брюки-для-беременных-мамин-дом-happy
/продукт/конверт-демисезонный-goforkids-пинк-хлопок/,/продукт/конверт-демисезонный-goforkid-пинк-хлопок
/продукт/трусики-тм-anita-1434-в-горох-темно-синие-369/,/продукт/трусики-anita-1434-в-горох-темно-синие-369
/продукт/сумка-skip-hop-forma-цвет-black/,/продукт/сумка-skip-hop-forma-black
/продукт/защитные-бортики-рассвет-lc-full-высота-30-см-длина-360-см-хлопок/,/продукт/защитные-бортики-goforkid-рассвет-lcfull-высота-30-см-длина-360-см-хлопок-серый
/продукт/бюстгальтер-alles-deyna-pu-экрю/,/продукт/бюстгальтер-alles-deynapu-экрю
/продукт/вязаный-кардиган-для-мальчика-cruise/,/продукт/вязаный-кардиган-bebepan-для-мальчика-cruise
/продукт/салфетки-влажные-антибактериальные-для-младенцев-в-пласт-коробке-goon -45шт/,/продукт/салфетки-влажные-антибактериальные-для-младенцев-в-пласт-коробке-goon-45шт
/продукт/tushi-cream-витаминизированный-детский-крем-под-подгузник-для-ухода-за-кожей-попки-младенца/,/продукт/tushi-cream-витаминизированный-детский-крем-baby-teva-под-подгузник-для-ухода-за-кожей-попки-младенца
/продукт/адаптер-click-go-к-автокреслу-b-agile-double/,/продукт/адаптер-britax-click-go-к-автокреслу-b-agile-double
/продукт/универсальный-прогулочный-блок-без-шасси-cybex-priam-lux-seat-manhattan-grey-mid-grey/,/продукт/универсальный-прогулочный-блок-без-шасси-cybex-priam-lux-seatmanhattan-grey-mid-grey
/продукт/муслиновая-пеленка-in-the-woods-120120-1-шт-в-упаковке/,/продукт/муслиновая-пеленка-momeasy-in-the-woods120120-1-шт-в-упаковке
/продукт/салфетки-влажные-антибактериальные-для-младенцев-в-пласт-коробке-45шт/,/продукт/салфетки-влажные-антибактериальные-для-младенцев-в-пласт-коробке-goon-45шт
/продукт/махровый-халатик-в-комплекте-с-губкой-пингвинята-для-девочек/,/продукт/махровый-халатик-в-комплекте-с-губкой-пингвинята-для-девочек-bebepan
/продукт/защитные-бортики-для-кровати-goforkids-волшебный-лес-6-секций-хлопок/,/продукт/защитные-бортики-для-кровати-goforkid-волшебный-лес-6-секций-хлопок
/продукт/комплект-белья-для-детской-кроватки-холи/,/продукт/комплект-белья-для-детской-кроватки-goforkid-холи
/продукт/трусики-для-беременных-высокие-1502/,/продукт/трусики-для-беременных-высокие-anita-1502
/продукт/костюм-кофта-цвета-фуксия-и-лосины/,/продукт/костюм-кофта-цвета-фуксия-и-лосины-bebepan
/продукт/легкий-дождевик-розовый/,/продукт/легкий-дождевик-bebepan-розовый
/продукт/бодик-для-девочек-однотонный-с-короткими-рукавами/,/продукт/бодик-bebepan-для-девочек-однотонный-с-короткими-рукавами
/продукт/подушка-крылья-ангела-topaz/,/продукт/подушка-cotton-living-крылья-ангела-topaz
/продукт/постельный-комплект-для-новорожденных-с-бортиками-snapshot-бежево-голубой/,/продукт/постельный-комплект-для-новорожденных-с-бортиками-jolly-mummy-snapshot-бежево-голубой
/продукт/автокресло-cosatto-port-0-isofix-расцветк/,/продукт/автокресло-cosatto-port-0-isofix-расцветка-berlin
/продукт/бандаж-пояс-дородовый-с-оригинальным-принтом-paisley-1709/,/продукт/бандаж-пояс-дородовый-с-оригинальным-принтом-anita-paisley-1709
/продукт/песочник-с-коротким-рукавом-для-мальчика-sweet/,/продукт/песочник-с-коротким-рукавом-bebepan-для-мальчика-sweet
/продукт/скутер-детский-лицензионный-winx-3-х-колесный/,/продукт/скутер-детский-лицензионный-taf-toyswinx-3-х-колесный
/продукт/защитные-бортики-для-кровати-goforkids-добрые-бабочки-3-секции-хлопок/,/продукт/защитные-бортики-для-кровати-goforkid-добрые-бабочки-3-секции-хлопок
/продукт/колготки-для-беременных-теплые-с-модалом-мамин-дом-250-den-черные/,/продукт/колготки-для-беременных-теплые-с-модалом-мамин-дом-250-den-арт-611-черные
/продукт/бандаж-универсальный-215-бежевый/,/продукт/бандаж-универсальный-мамин-дом-215-бежевый
/продукт/подушка-для-беременных-бумеранг-наволочка-велюр/,/продукт/подушка-для-беременных-бумеранг-мои-подушки-наволочка-велюр
/продукт/платье-clementine/,/продукт/платье-white-rabbit-clementine
/продукт/коляска-сybex-callisto-wo-rc-цвет-hot-spicy-red/,/продукт/коляска-сybex-callisto-wo-rc-hotspicy-red
/продукт/постельное-белье-town-80160/,/продукт/постельное-белье-jolly-mummy-town-80160
/продукт/джинсовая-панама-в-цветочек/,/продукт/джинсовая-панама-bebepan-в-цветочек
/продукт/бюстгальтер-mammalux-для-кормления-бюст-из-хлопкового-полотна-сложного-кроя-104-фламинго/,/продукт/бюстгальтер-mammalux-для-кормления-бюст-из-хлопкового-полотнасложного-кроя-104-фламинго
/продукт/коляска-onyx-wo-rc-wbb-цвет-ocean-navy-blue/,/продукт/коляска-cybex-onyx-wo-rcwbb-ocean-navy-blue
/продукт/кресло-кроватка-качалка-3-в-1-tiny-love-мамина-любовь-серое-с-капюшоном/,/продукт/креслокроваткакачалка-3-в-1-tiny-love-мамина-любовь-серое-с-капюшоном
/продукт/конверт-зимний-goforkids-поднебесная-хлопок/,/продукт/конверт-зимний-goforkid-поднебесная-хлопок
/продукт/человечек-девочка/,/продукт/человечек-lafel-девочка
/продукт/шорты-джинсовые-для-мальчика-summer-trip/,/продукт/шорты-джинсовые-bebepan-для-мальчика-summer-trip
/продукт/комплект-туника-и-лосины-pink/,/продукт/комплект-туника-и-лосины-bebepan-pink
/продукт/демисезонное-пальто-deux-par-deux-для-девочек-розовое/,/продукт/демисезонное-пальто-deux-par-deux-для-девочек-x50-2-розовое
/продукт/платье-шарлотта-черный/,/продукт/платье-шарлотта-white-rabbit-черный
/продукт/накидка-для-b-agile-4b-motion-4-с-липучками-черная/,/продукт/накидка-britax-для-b-agile-4b-motion-4-с-липучками-черная
/продукт/наволочка-на-подушку-для-кормления-и-отдыха-тм-anita-принт/,/продукт/наволочка-на-подушку-для-кормления-и-отдыхаanita-принт
/продукт/бюстгальтер-мама-garden-u-гранат/,/продукт/бюстгальтер-alles-мама-garden-u-гранат
/продукт/рубашка-с-длинным-рукавом-и-галстуком-бабочкой-для-мальчика-grand-tour/,/продукт/рубашка-с-длинным-рукавом-и-галстуком-бабочкой-для-мальчика-bebepan-grand-tour
/продукт/футболка-с-коротким-рукавом-для-мальчика-sailor/,/продукт/футболка-с-коротким-рукавом-bebepan-для-мальчика-sailor
/продукт/комплект-постельного-белья-для-кроватки-глория-happy-days-из-3-4-6-7-элементов/,/продукт/комплект-постельного-белья-для-кроватки-perina-глория-happy-days-из-3-4-6-7-элементов
/продукт/кофта-полосатая-медвежонок/,/продукт/кофта-полосатая-bebepan-медвежонок
/продукт/комплект-из-5-предметов-с-пандой-розовый/,/продукт/комплект-из-5-предметов-bibaby-с-пандой-розовый
/продукт/bella-mama-oil-эффективное-масло-от-растяжек-применяется-в-период-беременности-и-после-родов/,/продукт/bella-mama-oil-эффективное-масло-от-растяжек-baby-teva-применяется-в-период-беременности-и-после-родов
/продукт/салфетки-влажные-для-младенцев-в-пласт-коробке-70-шт/,/продукт/салфетки-влажные-для-младенцев-в-пласт-коробке-goon-70-шт
/продукт/сорочка-mama-violetta-01/,/продукт/сорочка-alles-mama-violetta01
/продукт/прогулочный-блок-cybex-priam-lux-seat-manhattan-grey-mid-grey/,/продукт/универсальный-прогулочный-блок-без-шасси-cybex-priam-lux-seatmanhattan-grey-mid-grey
/продукт/коляска-twinyx-wo-rc-wbb-цвет-ocean-navy-blue/,/продукт/коляска-cybex-twinyx-wo-rcwbb-цвет-ocean-navy-blue
/продукт/универсальный-прогулочный-блок-без-шасси-cybex-priam-lux-seat-autumn-gold-burnt-red/,/продукт/универсальный-прогулочный-блок-без-шасси-cybex-priam-lux-seatautumn-gold-burnt-red
/продукт/бодик-пеленка-на-молнии-magbaby-love-62-р/,/продукт/бодикпеленка-на-молнии-magbaby-love
/продукт/защитные-бортики-goforkid-рассвет-lc-full-высота-30-см-длина-360-см-хлопок-серый/,/продукт/защитные-бортики-goforkid-рассвет-lcfull-высота-30-см-длина-360-см-хлопок-серый
/продукт/игрушка-для-игры-с-песком-большие-грабельки/,/продукт/игрушка-для-игры-с-песком-battatбольшие-грабельки
/продукт/универсальный-прогулочный-блок-cybex-priam-lux-seat-mars-red-red/,/продукт/универсальный-прогулочный-блок-без-шасси-cybex-priam-lux-seatmars-red-red
/продукт/рубашка-с-длинным-рукавом-для-мальчика-rock/,/продукт/рубашка-с-длинным-рукавом-для-мальчика-bebepan-rock
/продукт/бодики-с-длинными-рукавами-ежик-3-штуки/,/продукт/бодики-с-длинными-рукавами-bebepan-ежик-3-штуки
/продукт/подушка-крылья-ангела-silver/,/продукт/подушка-cotton-living-крылья-ангела-silver
/продукт/комплект-человечек-шапочка-и-царапки-ежик/,/продукт/комплект-человечек-шапочка-и-царапки-bebepan-ежик
/продукт/пробный-трикотажный-набор-подгузников-2/,/продукт/пробный-трикотажный-набор-подгузников-2-disana
/продукт/конверт-демисезонный-goforkids-ретро-хлопок/,/продукт/конверт-демисезонный-goforkid-ретро-хлопок
/продукт/горшок-smart-оранжевый/,/продукт/горшок-babybjorn-smart-оранжевый
/продукт/гнездо-для-детей-jolly-mummy-babynest-геометрия-голубой-топленое-молоко-с-мятой/,/продукт/гнездо-для-детей-jolly-mummy-babynestгеометрия-голубой-топленое-молоко-с-мятой
/продукт/футболка-поло-с-коротким-рукавом-для-мальчика-черные-полоски-royal-sea/,/продукт/футболка-поло-с-коротким-рукавом-bebepan-для-мальчика-черные-полоски-royal-sea
/продукт/футболка-с-коротким-рукавом-для-мальчика-cruise/,/продукт/футболка-с-коротким-рукавом-bebepan-для-мальчика-cruise
/продукт/футболка-для-беременных-и-кормящих-мам-фрезия-бирюза/,/продукт/футболка-для-беременных-и-кормящих-мам-i-love-mum-фрезия-бирюза
/продукт/рюкзак-кенгуру-mygo-ocean-navy-blue/,/продукт/рюкзак-кенгуру-cybex-mygoocean-navy-blue
/продукт/stitol-масло-для-заживления-поврежденных-тканей-вследствие-разрывов-кесарева-сечения/,/продукт/stitol-масло-baby-teva-для-заживления-поврежденных-тканей-вследствие-разрывов-кесарева-сечения
/продукт/бесшовные-трусики-для-беременных-1504/,/продукт/бесшовные-трусики-для-беременных-anita-1504
/продукт/бюстгальтер-для-кормления-на-косточках-paisley-тм-anita-5092-цвет-вода-836/,/продукт/бюстгальтер-для-кормления-на-косточках-paisleyanita-5092-цвет-вода-836
/продукт/палатка-пираты/,/продукт/палатка-5-stars-пираты
/продукт/адаптер-clickgo-к-автокреслу-b-agile-b-motion/,/продукт/адаптер-britax-clickgo-к-автокреслу-b-agile-b-motion
/продукт/бодики-с-длинными-рукавами-бегемотики-3-штуки/,/продукт/бодики-с-длинными-рукавами-bebepan-бегемотики-3-штуки
/продукт/набор-из-3-муслиновых-пеленок-mum-and-fan-вигвам-треугольник-крестик/,/продукт/набор-из-3-муслиновых-пеленок-mum-and-fun-вигвам-треугольник-крестик
/продукт/человечек-и-шапочка-для-девочки-маленькая-умница/,/продукт/человечек-и-шапочка-bibaby-для-девочки-маленькая-умница
/продукт/бюстгальтер-mama-kelly-u-белый/,/продукт/бюстгальтер-alles-mama-kelly-uбелый
/продукт/бюстгальтер-alles-biscuit-sky-push-up/,/продукт/бюстгальтер-alles-biscuit-sky-push-up
/продукт/бюстгальтер-alles-latino-u-черный/,/продукт/бюстгальтер-alles-latino-u-черный
/продукт/трусики-для-беременных-peach-517/,/продукт/трусики-для-беременных-мамин-дом-peach517
/продукт/бюстгальтер-alles-latino-u-черный-2-сорт/,/продукт/бюстгальтер-alles-latino-u-черный-2-сорт
/продукт/спальный-мешок-magbaby-с-возможностью-пеленания-животные/,/продукт/спальный-мешок-magbaby-с-возможностью-пеленания-животные
/продукт/старый-купальник-танкини-anita-mavea-9666-черный-001/,/продукт/купальник-танкини-anita-mavea-9666-черный-001-старый
/продукт/бесшовный-бюстгальтер-soft-seamless-anita-5197/,/продукт/бесшовный-бюстгальтер-softseamlessanita-5197
/продукт/бюстгальтер-alles-sandra-push-up/,/продукт/бюстгальтер-alles-sandra-push-up
/продукт/плюшевый-плед-minky-с-хлопком-розовый/,/продукт/плюшевый-плед-magbaby-minky-с-хлопком-розовый
/продукт/универсальный-прогулочный-блок-без-шасси-cybex-priam-lux-seat-hot-spicy-denim-red/,/продукт/универсальный-прогулочный-блок-без-шасси-cybex-priam-lux-seat-hotspicy-denim-red
/продукт/бюстгальтер-mama-easy-бежевый/,/продукт/бюстгальтер-alles-mama-easyбежевый-закрыт
/продукт/комплект-человечек-шапочка-царапки-для-девочки-веселые-туканы/,/продукт/комплект-человечек-шапочка-царапки-bebepan-для-девочки-веселые-туканы
/продукт/комплект-для-купания-малыша-полотенце-рукавичка-magbaby-млечный-путь-голубой/,/продукт/комплект-для-купания-малыша-полотенцерукавичка-magbaby-млечный-путь-голубой
/продукт/коляска-onyx-by-jeremy-scott/,/продукт/коляска-cybex-onyx-by-jeremy-scott
/продукт/стеганый-плед-для-новорожденного-happy-baby/,/продукт/стеганый-плед-для-новорожденного-magbaby-happy-baby
/продукт/джемпер-flight-на-пуговицах-для-мальчика-темно-синий/,/продукт/джемпер-bebepan-flight-на-пуговицах-для-мальчика-темносиний
/продукт/блузаi-love-mum-с-синяя-с-цветочками/,/продукт/блуза-i-love-mumс-синяя-с-цветочками
/продукт/универсальный-прогулочный-блок-без-шасси-cybex-priam-lux-seat-happy-black-black/,/продукт/универсальный-прогулочный-блок-без-шасси-cybex-priam-lux-seathappy-black-black
/продукт/трусы-garden-гранат-стринги/,/продукт/трусы-alles-garden-гранатстринги
/продукт/трусы-garden-s-стринги/,/продукт/трусы-alles-garden-sстринги
/продукт/муслиновая-пеленка-sky-dream-girl-flow-120120-1-шт-в-упаковке/,/продукт/муслиновая-пеленка-momeasy-sky-dream-girl-flow-120120-1-шт-в-упаковке
/продукт/кардиган-mocco-25304/,/продукт/кардиган-мамин-дом-mocco-25304
/продукт/дородовый-бюстгальтер-без-косточек-с-принтом-paisley-5193/,/продукт/дородовый-бюстгальтер-без-косточек-anita-с-принтом-paisley-408
/продукт/штанишки-для-малышей-minipan-3-штуки/,/продукт/штанишки-bebepan-для-малышей-minipan-3-штуки
/продукт/футболка-adventure-для-мальчика-с-принтом-белая-в-серую-полоску/,/продукт/футболка-bebepan-adventure-для-мальчика-с-принтом-белая-в-серую-полоску
/продукт/платье-для-беременных-и-кормящих-мам-лесли-изумруд/,/продукт/платье-для-беременных-и-кормящих-мам-i-love-mum-лесли-изумруд
/продукт/полотенце-уголок-космические-друзья/,/продукт/полотенце-уголок-bebepan-космические-друзья